{"mean": [-32.542667388916016, 143.65536499023438, 15.443958282470703, 6.492842674255371, 2026.660888671875], "std": [8.181299209594727, 12.80533504486084, 8.79132080078125, 3.429759979248047, 39.833709716796875]}