{"mean": [-32.26627731323242, 145.0626678466797, 15.416208267211914, 6.493182182312012, 2028.8065185546875], "std": [7.898025989532471, 12.887993812561035, 8.803848266601562, 3.4282469749450684, 41.617008209228516]}