{"mean": [-31.215364456176758, 145.27845764160156, 15.38653564453125, 6.506389141082764, 2018.87890625], "std": [9.034163475036621, 10.366913795471191, 8.805381774902344, 3.43959903717041, 53.28640365600586]}