{"mean": [-29.758331298828125, 141.49114990234375, 15.519377708435059, 6.491525650024414, 2035.5137939453125], "std": [9.782424926757812, 10.504680633544922, 8.80821704864502, 3.436621904373169, 28.91652488708496]}